Kontrast,diff,se,p_raw,p_holm
CDU‚àíSPD,0.0928,0.0159,0.0,0.0
CDU‚àíGRUENE,0.1104,0.0193,0.0,0.0
CDU‚àíFDP,0.1154,0.0205,0.0,0.0
CDU‚àíDIELINKE,0.1189,0.0225,0.0,0.0
CDU‚àíAFD,-0.0596,0.021,0.0046,0.0325
SPD‚àíGRUENE,0.0176,0.0187,0.3459,1.0
SPD‚àíFDP,0.0226,0.0204,0.2687,1.0
SPD‚àíDIELINKE,0.0261,0.0225,0.2463,1.0
SPD‚àíAFD,-0.1524,0.0216,0.0,0.0
GRUENE‚àíFDP,0.005,0.0228,0.8272,1.0
GRUENE‚àíDIELINKE,0.0085,0.0246,0.7308,1.0
GRUENE‚àíAFD,-0.17,0.024,0.0,0.0
FDP‚àíDIELINKE,0.0035,0.0259,0.8931,1.0
FDP‚àíAFD,-0.175,0.0246,0.0,0.0
DIELINKE‚àíAFD,-0.1785,0.026,0.0,0.0
